{
  "project_info": {
    "project_number": "558941596898",
    "project_id": "colorstone-ceramics-d55b9",
    "storage_bucket": "colorstone-ceramics-d55b9.firebasestorage.app"
  },
  "client": [
    {
      "client_info": {
        "mobilesdk_app_id": "1:558941596898:android:31cabd5d3dd9d0acccc2bb",
        "android_client_info": {
          "package_name": "com.example.myapp1"
        }
      },
      "oauth_client": [],
      "api_key": [
        {
          "current_key": "AIzaSyAa-E0LWJT1MN0DSNJeOzZKNPsEBN8wsAs"
        }
      ],
      "services": {
        "appinvite_service": {
          "other_platform_oauth_client": []
        }
      }
    }
  ],
  "configuration_version": "1"
}